temperature_c,rainfall_mm,humidity_pct,soil_moisture,soil_n_mgkg,soil_p_mgkg,soil_k_mgkg,soil_ph,crop_type,leaf_spot,wilting,pest_damage,previous_yield_tpha,disease_risk,yield_loss_pct,expected_yield_tpha,yield_risk
33.24,105.9,70.08,0.569,91.58,42.61,24.65,7.3,Maize,0,0,0,5.06,Low,0.0,4.93,Low
25.74,204.35,73.13,0.566,36.57,42.79,28.21,5.62,Wheat,0,0,1,5.45,Medium,13.71,4.59,Medium
28.82,98.9,73.84,0.577,58.66,33.59,48.18,6.32,Cotton,0,0,0,4.11,Low,12.49,3.59,Medium
15.0,47.65,49.51,0.379,40.61,29.27,77.72,5.85,Maize,0,0,0,4.7,Low,14.37,3.91,Medium
21.22,181.23,79.97,0.656,45.15,63.46,56.69,6.31,Rice,0,0,0,4.37,Low,4.52,4.07,Low
25.53,28.71,56.8,0.399,54.11,50.04,22.12,7.62,Cotton,0,1,1,4.55,Medium,21.01,3.77,Medium
21.64,164.24,76.86,0.66,79.25,47.86,8.0,5.5,Maize,1,0,0,5.85,Low,0.0,6.03,Low
30.57,92.88,67.85,0.406,87.42,44.92,59.0,5.37,Maize,0,0,0,5.67,Low,6.53,5.0,Low
36.99,77.18,48.73,0.632,63.07,25.96,46.56,5.92,Rice,0,0,0,4.24,Low,6.33,3.83,Low
21.12,75.93,63.57,0.343,48.22,53.33,65.12,6.7,Wheat,0,0,1,4.39,Low,12.61,3.75,Medium
22.81,85.12,73.12,0.326,99.87,27.88,34.79,6.93,Wheat,0,0,0,4.92,Low,13.19,4.38,Medium
28.18,70.23,76.58,0.263,47.3,41.4,53.25,6.81,Cotton,0,0,0,4.82,Low,11.82,4.45,Medium
35.06,120.97,66.03,0.678,44.72,18.33,60.69,7.32,Maize,0,0,1,3.93,Medium,8.6,4.07,Low
20.89,71.82,89.44,0.468,23.05,13.51,41.29,5.27,Cotton,0,0,0,4.21,Low,15.45,3.47,Medium
28.25,20.97,82.11,0.292,80.13,41.82,41.61,7.33,Wheat,0,0,0,5.03,Low,10.04,4.45,Medium
36.11,93.3,64.41,0.537,72.43,28.29,48.38,6.28,Rice,0,0,0,4.87,Low,1.32,4.92,Low
18.74,19.87,78.5,0.393,98.52,14.13,56.14,7.01,Maize,0,0,0,5.16,Low,0.0,5.04,Low
20.59,92.93,95.07,0.608,29.99,44.49,47.78,5.57,Rice,0,0,0,4.82,Medium,22.15,3.73,Medium
24.88,69.33,95.45,0.228,81.25,63.44,62.61,6.5,Cotton,1,0,0,5.12,Medium,17.28,4.16,Medium
24.4,157.43,50.81,0.462,56.26,54.67,41.07,6.67,Maize,0,0,0,4.46,Low,2.86,3.86,Low
31.06,79.21,55.03,0.349,69.51,34.91,28.07,7.31,Maize,0,0,0,4.91,Low,7.17,4.58,Low
28.21,144.56,88.79,0.276,25.34,38.11,77.65,5.39,Wheat,0,0,0,4.44,Medium,19.46,3.54,Medium
18.13,135.23,53.18,0.568,81.43,48.65,38.93,6.52,Cotton,0,0,1,5.18,Low,7.67,5.01,Low
29.58,137.38,49.48,0.438,69.16,51.47,39.47,5.74,Cotton,0,1,0,5.55,Low,1.79,5.45,Low
24.11,80.98,61.19,0.471,54.3,33.88,47.01,6.85,Maize,0,0,0,5.5,Low,15.54,4.42,Medium
33.37,96.65,73.88,0.652,66.61,38.41,49.01,7.04,Rice,0,0,0,5.1,Low,12.02,4.44,Medium
23.86,119.09,66.57,0.408,41.22,41.61,42.2,7.4,Wheat,0,0,0,5.12,Low,6.66,4.4,Low
23.82,98.45,58.89,0.376,44.57,44.65,47.74,6.13,Rice,0,1,0,4.21,Low,6.82,3.71,Low
29.71,79.31,58.56,0.407,46.66,36.4,47.4,7.15,Rice,0,0,0,4.84,Low,9.44,4.5,Low
30.81,50.74,58.03,0.46,21.65,36.56,50.62,7.45,Maize,1,0,0,4.32,Low,3.48,4.12,Low
29.24,93.96,55.69,0.356,70.51,54.56,12.64,5.35,Maize,0,0,0,5.59,Low,9.29,5.23,Low
18.57,31.24,98.0,0.274,76.45,52.51,76.21,6.93,Cotton,0,0,0,4.81,Low,6.68,4.14,Low
29.69,18.59,72.17,0.428,42.38,43.73,45.79,7.17,Wheat,0,1,1,4.39,Medium,13.72,3.74,Medium
21.83,42.9,80.41,0.389,61.27,58.63,56.71,6.32,Wheat,0,0,0,5.45,Low,3.33,5.18,Low
28.18,136.47,61.15,0.259,50.22,33.36,27.33,5.65,Wheat,1,0,0,4.79,Medium,9.53,4.51,Low
19.88,107.19,65.4,0.306,60.91,57.48,40.93,7.16,Rice,0,0,0,4.57,Low,14.58,4.03,Medium
29.23,137.26,58.01,0.615,43.7,44.51,37.92,5.66,Rice,0,0,0,6.2,Low,8.24,5.8,Low
22.97,59.11,30.88,0.411,39.1,77.25,70.05,6.38,Wheat,0,0,0,4.53,Low,8.83,4.41,Low
20.59,166.6,48.71,0.424,73.94,23.69,39.21,6.47,Rice,0,0,1,5.22,Low,0.0,5.15,Low
30.57,34.09,42.65,0.324,53.85,29.73,59.37,7.0,Maize,0,0,1,4.75,Medium,11.61,4.44,Medium
28.21,44.05,36.5,0.354,91.4,43.03,38.24,6.06,Wheat,1,0,0,5.26,Low,9.84,4.55,Low
23.93,164.95,51.26,0.572,55.83,42.77,41.21,6.02,Cotton,0,0,1,5.22,Low,8.78,4.57,Low
34.26,102.61,86.55,0.287,38.33,61.4,44.32,6.57,Maize,0,0,0,4.71,Medium,9.38,4.4,Low
24.8,137.73,67.38,0.381,77.08,29.98,67.26,7.2,Wheat,0,1,0,5.3,Low,8.83,4.56,Low
27.16,107.46,86.07,0.456,66.35,48.86,19.65,8.1,Cotton,0,0,0,4.6,Low,13.47,4.08,Medium
28.34,64.76,73.75,0.368,68.08,51.95,28.27,5.44,Cotton,1,0,0,5.93,Medium,19.14,4.81,Medium
23.9,40.36,78.96,0.406,76.43,46.46,18.79,6.72,Wheat,0,0,0,4.8,Low,5.38,4.73,Low
29.36,22.98,55.39,0.205,43.25,26.47,31.69,5.74,Rice,0,0,1,4.49,Medium,5.03,4.25,Low
24.33,239.6,75.34,0.623,52.71,54.89,35.83,7.21,Maize,0,0,0,5.51,Medium,15.01,4.7,Medium
24.94,27.83,78.2,0.443,51.91,52.75,23.78,5.84,Rice,0,0,0,4.5,Low,3.61,4.43,Low
33.81,200.49,59.93,0.589,31.77,45.2,36.99,6.03,Rice,0,0,0,4.87,Low,10.95,4.22,Medium
21.8,99.25,75.83,0.433,50.26,40.45,17.78,6.09,Rice,0,0,0,4.05,Low,0.0,3.92,Low
15.0,109.42,75.93,0.422,79.05,40.71,32.73,6.45,Maize,0,0,1,5.03,Low,6.21,4.8,Low
35.05,105.21,60.31,0.343,59.27,37.06,66.01,6.73,Maize,0,0,0,4.79,Low,13.7,4.13,Medium
39.75,127.93,52.28,0.446,30.77,45.69,54.05,6.84,Maize,0,0,0,5.24,Low,8.03,4.74,Low
24.97,55.35,51.42,0.492,26.99,38.37,50.81,6.5,Maize,0,0,0,3.97,Low,11.59,3.5,Medium
17.32,16.38,69.21,0.308,84.97,27.82,32.96,5.57,Wheat,0,0,0,4.42,Low,1.43,4.64,Low
25.45,63.88,72.58,0.288,53.37,25.42,24.96,7.01,Maize,0,0,0,4.14,Low,1.59,4.0,Low
25.57,121.69,56.9,0.397,43.35,28.98,30.91,6.46,Rice,0,0,0,5.41,Low,13.75,4.59,Medium
26.05,44.36,68.37,0.373,50.07,40.67,47.35,7.31,Rice,0,0,0,4.32,Low,8.4,3.65,Low
21.43,168.93,75.99,0.465,28.41,37.68,61.02,6.0,Maize,1,0,0,5.22,Medium,14.41,4.46,Medium
29.9,86.1,76.65,0.452,80.62,40.58,61.54,5.38,Wheat,0,0,0,5.73,Medium,9.53,5.3,Low
29.62,41.46,89.73,0.402,47.93,44.01,57.46,6.48,Maize,0,0,0,4.64,Low,12.4,4.22,Medium
19.53,102.01,85.88,0.511,79.61,30.47,36.94,7.41,Maize,0,0,0,4.51,Low,7.42,4.19,Low
30.5,120.5,53.98,0.587,55.93,55.59,48.37,6.61,Maize,0,0,1,4.62,Low,12.75,4.21,Medium
37.26,125.61,91.57,0.55,80.73,34.79,43.18,6.36,Maize,0,0,1,5.63,Medium,28.91,4.13,High
27.86,5.04,60.57,0.213,59.62,32.8,44.98,5.89,Maize,0,0,0,3.92,Low,9.94,3.73,Low
25.31,165.06,82.63,0.408,70.36,43.79,78.56,7.73,Wheat,0,0,0,5.8,Low,5.46,5.66,Low
26.29,32.11,68.95,0.331,67.94,15.96,21.57,5.78,Rice,0,0,1,4.58,Medium,3.87,4.68,Low
30.08,165.19,62.23,0.453,66.22,28.51,44.48,5.99,Wheat,1,0,0,5.42,Medium,7.26,4.99,Low
18.35,173.87,42.69,0.395,61.26,49.77,66.18,6.9,Rice,0,0,0,5.63,Low,14.22,4.59,Medium
27.82,40.42,65.6,0.304,50.81,17.15,26.01,5.2,Wheat,0,0,0,3.93,Medium,9.88,3.66,Low
25.05,46.43,46.17,0.308,89.48,51.41,38.34,7.39,Cotton,0,0,0,4.75,Low,6.52,4.58,Low
36.24,141.77,81.54,0.403,38.68,56.13,40.06,6.94,Rice,0,0,0,5.23,Low,10.62,4.96,Medium
26.13,72.11,89.24,0.355,55.08,33.57,44.65,7.13,Rice,0,1,0,4.52,Medium,23.93,3.67,Medium
35.34,188.5,56.84,0.644,55.27,41.5,24.06,6.89,Rice,0,0,0,3.98,Low,7.2,4.05,Low
21.48,218.32,72.23,0.582,62.24,51.43,56.93,6.39,Rice,0,0,1,6.0,Medium,12.38,5.37,Medium
29.94,41.43,57.84,0.597,47.27,32.4,57.99,5.76,Maize,0,1,0,4.23,Low,8.29,3.92,Low
28.6,54.61,59.2,0.383,60.67,48.41,55.63,6.4,Maize,0,0,0,5.16,Low,5.49,4.62,Low
22.65,98.86,78.84,0.39,51.96,29.95,34.94,5.82,Maize,1,0,0,5.39,Medium,11.7,4.81,Medium
27.89,15.95,67.46,0.32,26.52,32.27,49.3,6.84,Maize,0,0,0,4.21,Low,9.65,3.7,Low
33.06,23.56,92.36,0.354,55.17,28.41,34.51,7.06,Wheat,0,0,0,4.86,Low,12.74,4.28,Medium
25.38,50.42,61.25,0.404,35.19,42.11,43.01,7.53,Cotton,0,0,0,4.62,Low,16.53,3.86,Medium
18.54,260.77,81.99,0.821,23.78,51.9,80.3,6.76,Rice,0,0,0,6.32,High,35.76,4.14,High
26.91,108.07,69.36,0.345,57.46,35.79,49.44,7.15,Rice,0,0,0,4.52,Low,12.6,3.93,Medium
22.49,60.72,79.14,0.459,63.78,22.75,30.19,6.29,Rice,0,0,0,4.69,Low,3.71,4.69,Low
25.29,46.17,61.74,0.376,64.48,25.01,50.71,6.17,Maize,0,0,0,5.07,Low,10.1,4.07,Medium
26.59,40.09,67.31,0.191,65.21,42.74,27.72,6.83,Wheat,0,0,1,4.61,Low,5.11,4.41,Low
18.47,63.68,66.38,0.453,20.21,60.13,30.01,6.23,Rice,0,0,0,4.94,Low,9.58,4.68,Low
18.92,61.3,56.3,0.5,30.5,42.72,32.38,6.69,Wheat,0,1,0,4.24,Medium,16.75,3.87,Medium
29.41,80.48,77.27,0.311,90.52,33.36,41.34,5.76,Rice,0,0,0,6.1,Low,8.2,5.73,Low
24.39,123.89,77.1,0.448,36.15,47.19,62.05,5.88,Maize,0,1,0,5.95,Medium,23.63,4.85,Medium
15.0,88.36,76.31,0.233,66.0,35.13,56.68,6.94,Wheat,0,0,0,4.98,Low,13.71,4.32,Medium
30.92,146.66,89.52,0.35,42.64,33.46,55.84,7.12,Wheat,0,0,0,5.18,Low,16.71,4.31,Medium
28.36,76.88,88.29,0.497,56.43,26.5,31.52,5.81,Wheat,0,0,0,5.28,Low,15.06,4.58,Medium
23.43,227.76,62.75,0.527,43.6,54.9,39.88,6.97,Maize,0,0,0,4.94,Medium,26.05,3.65,High
20.42,144.61,73.22,0.363,65.11,7.53,52.08,6.13,Wheat,0,0,1,4.37,Medium,8.25,3.87,Low
31.18,106.31,59.27,0.451,57.46,47.57,38.58,6.51,Rice,0,0,0,5.58,Low,13.48,4.73,Medium
28.75,124.14,68.33,0.397,46.93,32.44,43.82,7.49,Rice,0,0,0,5.0,Low,4.04,4.6,Low
38.91,64.83,59.6,0.331,36.1,33.08,54.62,7.07,Cotton,0,0,1,4.28,Medium,11.74,3.88,Medium
29.1,79.66,90.68,0.47,59.82,58.31,42.77,7.06,Cotton,1,0,0,5.09,Low,14.25,4.36,Medium
28.94,77.73,73.09,0.277,33.17,29.43,51.39,7.84,Maize,0,0,0,3.41,Medium,18.93,2.7,Medium
26.17,55.99,64.95,0.277,62.69,29.84,71.89,6.01,Rice,0,0,0,4.81,Low,3.39,4.55,Low
31.08,35.18,84.71,0.358,102.28,36.44,45.42,5.81,Cotton,0,1,0,4.83,Low,5.95,4.64,Low
30.13,128.1,37.61,0.551,79.3,42.97,65.69,5.99,Maize,0,0,0,5.94,Low,8.39,5.58,Low
33.26,160.08,39.8,0.616,67.93,32.7,56.39,6.32,Maize,0,0,0,5.82,Low,7.25,5.19,Low
24.39,117.58,79.14,0.375,53.46,19.11,25.99,4.85,Wheat,0,0,0,5.0,Medium,17.42,3.9,Medium
24.82,88.2,68.85,0.5,20.1,27.61,31.47,6.35,Rice,0,0,0,4.56,Low,21.74,3.74,Medium
24.6,285.69,71.51,0.564,31.2,53.38,35.5,6.12,Rice,1,1,0,4.88,Medium,20.68,3.62,Medium
30.95,60.21,49.43,0.555,78.09,38.9,35.18,7.05,Cotton,0,1,1,5.31,Medium,11.06,4.82,Medium
34.49,108.48,67.67,0.317,40.78,43.41,46.65,6.75,Wheat,0,0,1,5.0,Medium,8.81,4.85,Low
24.71,173.33,96.05,0.641,42.41,34.86,57.22,6.08,Rice,0,1,0,5.8,Medium,16.7,5.12,Medium
24.88,43.15,79.54,0.286,52.02,30.09,66.83,6.91,Wheat,0,0,0,5.64,Low,4.24,5.53,Low
28.57,133.86,70.38,0.662,35.88,58.13,52.62,7.01,Maize,0,0,0,4.39,Low,9.87,4.09,Low
25.77,236.21,61.85,0.643,32.92,35.74,41.31,5.96,Rice,0,0,0,5.14,Low,14.81,4.79,Medium
31.76,92.75,62.48,0.31,54.09,32.68,16.77,6.15,Cotton,0,0,0,4.28,Low,6.15,3.6,Low
15.74,102.74,38.19,0.371,38.95,51.15,49.06,4.94,Maize,1,0,0,4.82,Medium,21.94,3.68,Medium
22.87,60.45,71.61,0.451,41.66,29.33,48.39,5.74,Maize,1,0,0,4.58,Low,5.06,4.5,Low
23.09,123.31,79.84,0.553,40.94,30.86,50.74,5.98,Wheat,0,0,0,4.79,Low,7.52,4.36,Low
15.4,55.07,45.94,0.359,64.4,38.12,79.59,6.55,Maize,0,1,0,5.36,Low,10.56,5.02,Medium
22.18,89.4,58.74,0.412,50.82,38.0,66.61,5.84,Maize,1,1,0,4.44,Medium,17.57,3.65,Medium
22.42,31.95,51.8,0.414,51.79,41.12,59.78,6.14,Maize,0,0,0,4.24,Low,13.11,3.71,Medium
25.99,9.62,54.49,0.325,65.75,63.1,33.57,5.64,Rice,0,0,0,4.39,Low,9.71,3.91,Low
32.56,68.59,68.75,0.253,52.44,42.03,40.31,6.62,Wheat,0,0,0,4.49,Low,12.2,3.85,Medium
25.77,67.87,38.82,0.3,49.99,9.46,46.58,6.8,Rice,1,0,1,3.96,Medium,11.34,3.41,Medium
21.85,72.44,76.6,0.41,63.47,41.92,36.37,6.78,Wheat,1,0,0,4.87,Medium,17.67,4.06,Medium
26.72,142.1,78.55,0.592,67.03,38.45,55.51,6.51,Wheat,0,0,0,5.34,Low,11.62,4.58,Medium
32.25,162.66,64.48,0.657,52.35,38.52,53.35,5.42,Rice,0,0,0,4.9,Low,14.05,4.38,Medium
22.12,111.2,33.27,0.511,56.45,40.95,31.68,6.07,Rice,0,0,0,5.37,Low,1.33,5.42,Low
22.45,136.37,54.05,0.492,40.93,37.66,65.95,6.21,Maize,0,0,0,5.01,Low,4.37,4.99,Low
29.79,56.15,85.26,0.442,39.51,37.37,49.53,6.22,Rice,1,0,0,5.07,Medium,21.29,3.78,Medium
25.89,47.26,29.11,0.29,68.84,45.36,22.06,6.55,Cotton,0,1,0,4.73,Low,0.0,4.42,Low
30.24,124.78,63.13,0.434,63.01,31.5,47.23,7.5,Maize,0,0,0,5.06,Low,9.97,4.56,Low
26.93,42.74,51.48,0.269,63.2,26.63,52.22,7.07,Wheat,0,0,1,4.46,Medium,18.24,4.17,Medium
30.51,39.38,79.26,0.222,60.06,74.29,62.59,5.81,Maize,0,0,1,5.01,Low,5.69,4.96,Low
21.82,300.0,58.55,0.693,55.83,29.41,42.94,6.97,Rice,1,0,0,6.09,Medium,17.28,4.94,Medium
26.94,96.44,73.66,0.434,67.54,39.2,60.42,6.95,Cotton,0,0,0,5.01,Low,3.7,4.9,Low
25.95,67.9,75.92,0.45,71.83,20.05,50.81,5.94,Wheat,0,0,0,5.18,Medium,11.91,4.7,Medium
20.92,62.95,93.71,0.43,71.4,39.4,28.27,7.09,Maize,0,0,0,4.52,Low,10.03,3.82,Medium
19.18,32.65,65.16,0.363,53.19,26.8,26.77,6.39,Rice,0,0,0,4.72,Low,5.27,4.72,Low
30.43,109.81,73.26,0.487,79.97,32.69,64.84,5.51,Wheat,0,0,0,5.08,Low,5.05,4.79,Low
25.25,76.76,47.21,0.388,59.11,50.54,65.94,6.82,Wheat,0,0,0,5.5,Low,6.92,5.1,Low
21.89,160.03,84.67,0.533,66.38,43.66,52.84,6.65,Cotton,0,0,0,5.46,Low,6.87,5.09,Low
26.52,127.07,57.35,0.38,60.08,44.82,70.44,6.34,Maize,0,0,0,5.99,Low,15.5,5.27,Medium
32.64,75.11,60.15,0.427,59.45,16.75,63.85,6.47,Wheat,0,0,0,4.24,Low,6.42,3.83,Low
15.6,19.79,67.69,0.391,41.76,60.04,58.25,6.0,Rice,0,0,0,3.91,Low,9.38,3.23,Low
19.52,96.6,46.12,0.349,67.62,23.7,34.33,6.93,Wheat,0,0,0,4.54,Low,5.69,4.34,Low
22.39,91.38,71.2,0.415,106.22,56.34,73.97,6.47,Wheat,0,0,0,5.17,Low,5.64,4.51,Low
34.31,16.38,81.54,0.257,48.25,50.26,56.04,6.62,Wheat,0,0,0,3.9,Low,1.18,3.8,Low
28.41,118.6,72.1,0.39,56.28,44.93,42.21,6.75,Rice,0,0,1,5.34,Low,1.71,5.46,Low
30.84,41.7,45.76,0.238,46.97,27.74,37.98,5.69,Cotton,0,0,0,4.37,Low,3.17,4.34,Low
21.3,164.81,66.27,0.624,46.22,39.82,51.85,5.87,Cotton,0,0,1,4.99,Medium,14.73,4.44,Medium
21.4,87.99,78.39,0.512,82.8,32.35,22.93,4.95,Rice,0,0,0,4.91,Low,12.3,4.41,Medium
29.24,61.79,41.71,0.428,42.89,38.35,58.5,6.9,Maize,0,0,0,4.44,Low,0.85,4.83,Low
27.29,104.93,52.95,0.623,46.47,35.0,33.7,5.65,Rice,1,1,0,5.63,Medium,11.8,4.86,Medium
29.74,101.08,80.27,0.402,26.43,13.54,53.56,6.59,Maize,0,1,0,4.09,Medium,8.53,3.81,Low
26.06,98.84,71.78,0.722,41.36,51.46,40.18,6.76,Rice,0,0,0,4.43,Low,6.94,4.05,Low
28.39,152.48,73.77,0.46,24.25,37.03,44.03,6.92,Maize,1,0,0,5.15,High,30.3,3.76,High
27.79,108.78,94.03,0.456,66.37,32.18,36.65,5.66,Maize,0,0,0,4.95,Medium,16.21,4.14,Medium
30.89,58.19,74.56,0.33,105.39,31.28,45.58,6.45,Maize,1,0,0,6.17,Low,7.81,6.0,Low
31.04,78.24,77.21,0.431,48.4,42.3,76.34,7.67,Rice,0,0,1,4.7,Medium,19.82,3.67,Medium
18.9,198.48,98.0,0.622,25.0,27.27,68.78,7.7,Cotton,1,0,1,5.41,High,31.83,3.94,High
15.76,54.74,65.01,0.354,71.2,10.94,53.32,7.19,Rice,1,0,0,5.12,Low,4.96,4.97,Low
32.01,117.48,56.83,0.619,41.92,42.89,47.62,6.74,Rice,1,0,0,4.71,Low,8.64,4.3,Low
32.94,155.7,73.99,0.511,78.39,44.23,60.66,5.8,Maize,0,0,1,5.21,Low,4.69,5.07,Low
21.9,124.19,74.15,0.476,49.92,35.6,64.95,7.0,Wheat,0,0,0,5.39,Low,9.68,4.92,Low
17.7,96.96,60.63,0.325,43.63,24.23,35.55,6.39,Cotton,0,1,0,4.76,Low,10.06,4.35,Medium
27.5,106.17,53.55,0.469,51.8,39.07,46.84,6.89,Cotton,0,0,0,4.35,Low,2.53,4.2,Low
31.65,128.79,98.0,0.441,68.64,20.43,20.67,6.06,Wheat,0,0,0,4.41,Low,12.7,3.72,Medium
35.99,54.31,72.58,0.304,50.91,25.67,64.85,6.38,Cotton,1,1,0,3.4,Medium,13.53,2.88,Medium
29.58,91.74,57.75,0.332,46.06,28.99,78.98,6.61,Rice,0,0,0,5.11,Low,10.18,4.29,Medium
25.14,284.78,80.82,0.9,51.42,48.13,49.2,6.67,Wheat,0,0,0,5.86,Medium,25.33,4.53,High
22.53,119.61,66.47,0.417,32.11,33.65,16.12,6.85,Rice,0,0,0,4.48,Low,9.91,3.81,Low
27.06,99.05,64.46,0.273,62.15,32.63,57.13,6.09,Cotton,0,0,0,4.23,Low,6.79,3.91,Low
25.5,73.35,75.87,0.318,22.84,61.46,34.44,5.56,Rice,0,0,0,4.07,Low,11.73,3.71,Medium
21.92,54.72,49.91,0.361,47.01,42.23,38.05,7.64,Rice,0,0,0,4.4,Low,4.51,4.35,Low
37.24,108.3,72.94,0.485,68.67,42.07,57.4,8.24,Wheat,0,0,1,4.83,Low,2.72,4.38,Low
35.93,112.78,94.78,0.491,60.45,33.56,51.82,6.81,Cotton,1,0,1,5.03,High,17.22,4.15,Medium
32.68,88.01,74.53,0.473,65.63,30.84,40.68,5.57,Cotton,0,1,0,5.17,Medium,13.72,4.54,Medium
22.4,300.0,62.73,0.596,53.83,11.76,38.26,5.96,Maize,0,0,0,6.57,Medium,15.71,5.54,Medium
31.28,57.96,60.9,0.404,76.06,49.62,49.89,6.86,Cotton,0,0,0,5.08,Low,9.59,4.84,Low
30.2,49.16,62.26,0.271,71.64,43.38,41.86,7.44,Cotton,1,0,0,5.37,Low,0.12,5.22,Low
29.21,74.02,64.44,0.327,63.03,35.85,31.36,5.65,Wheat,1,0,0,4.42,Low,5.41,3.81,Low
33.25,89.75,62.71,0.316,71.7,36.35,43.01,6.41,Wheat,0,0,0,4.2,Low,9.88,3.94,Low
30.18,52.82,80.83,0.245,68.51,46.83,53.09,6.64,Maize,0,0,0,4.76,Low,3.88,4.48,Low
30.7,106.75,43.74,0.535,47.09,19.34,45.33,7.11,Maize,0,1,0,4.02,Low,9.64,3.32,Low
30.18,113.66,80.07,0.505,30.81,30.92,26.8,6.26,Wheat,0,0,1,4.58,Medium,11.77,4.01,Medium
28.7,137.66,62.68,0.563,62.57,24.36,62.84,5.41,Rice,0,0,0,4.87,Medium,13.87,4.42,Medium
18.08,66.59,73.28,0.384,64.83,59.26,8.0,6.93,Maize,0,0,0,3.93,Low,10.38,3.3,Medium
27.42,189.2,52.22,0.605,74.63,48.51,41.3,7.29,Rice,0,0,0,6.48,Low,11.81,6.13,Medium
24.22,132.36,86.6,0.283,38.15,11.57,38.7,6.44,Cotton,0,0,0,4.33,Medium,18.37,3.39,Medium
20.6,57.17,85.44,0.455,38.68,19.83,50.22,6.78,Rice,0,0,0,3.69,Low,8.74,3.38,Low
35.41,52.66,81.43,0.381,63.28,36.41,56.42,6.17,Rice,1,0,0,5.18,Medium,12.17,4.33,Medium
35.64,77.23,46.79,0.455,53.72,32.33,64.9,5.91,Cotton,0,0,0,4.47,Low,10.55,4.01,Medium
33.8,113.82,79.61,0.475,21.06,22.11,37.31,7.22,Rice,0,0,0,4.86,Medium,9.91,4.35,Low
28.28,123.61,73.67,0.35,61.75,61.34,56.8,6.77,Rice,0,0,0,5.0,Low,7.29,4.37,Low
33.75,132.21,45.53,0.309,21.66,41.75,50.94,6.84,Maize,1,0,0,4.36,Medium,12.46,4.32,Medium
27.06,274.63,67.66,0.558,37.99,43.7,22.33,7.55,Cotton,0,1,0,5.61,High,30.59,3.8,High
28.01,25.01,73.1,0.387,79.33,29.7,76.51,5.76,Rice,0,0,0,5.28,Low,3.96,4.98,Low
21.53,86.54,75.79,0.473,87.85,46.67,26.42,6.11,Wheat,0,1,0,5.6,Low,0.59,5.74,Low
28.98,261.9,70.48,0.477,33.12,33.43,54.29,6.61,Maize,0,0,0,5.31,Medium,21.08,4.52,Medium
27.3,141.29,72.08,0.371,49.07,34.6,53.85,6.1,Cotton,1,0,0,5.29,Medium,17.86,4.54,Medium
20.49,47.08,88.63,0.284,55.77,45.33,52.13,7.05,Wheat,0,0,0,5.06,Low,4.83,4.6,Low
26.74,103.57,85.16,0.389,87.06,18.45,40.58,6.37,Rice,0,0,0,5.26,Low,13.48,4.59,Medium
26.6,83.4,27.86,0.264,46.13,57.16,60.41,5.81,Rice,0,0,0,4.89,Low,12.33,3.95,Medium
35.99,81.57,63.56,0.256,46.42,40.19,24.59,6.55,Rice,0,0,1,3.84,Low,10.38,3.61,Medium
31.47,65.77,65.69,0.297,82.88,53.37,47.01,6.62,Rice,0,1,0,5.44,Low,6.33,4.8,Low
27.06,98.62,43.47,0.427,48.25,25.09,39.54,7.15,Maize,0,0,0,4.77,Medium,10.23,4.14,Medium
28.24,169.74,69.32,0.386,68.0,26.92,37.84,6.78,Rice,0,0,0,5.05,Low,8.32,4.63,Low
27.22,69.61,85.48,0.372,28.41,24.06,54.43,6.82,Wheat,0,0,0,5.01,Medium,18.99,4.14,Medium
25.99,132.78,52.79,0.565,51.92,41.0,64.16,6.72,Maize,1,0,1,4.61,Medium,14.38,3.9,Medium
21.59,146.19,72.71,0.345,25.13,38.79,42.85,6.37,Maize,1,0,0,5.44,Medium,13.28,4.99,Medium
26.24,188.34,55.18,0.505,36.0,32.43,59.71,6.0,Rice,1,0,0,5.16,Medium,9.67,4.79,Low
23.27,52.06,58.59,0.465,70.11,25.83,48.75,6.7,Cotton,0,0,1,5.01,Low,9.69,4.64,Low
20.75,93.98,88.68,0.371,54.1,22.8,34.61,6.27,Maize,0,0,0,4.49,Medium,19.88,3.38,Medium
29.56,60.93,60.4,0.316,49.26,37.42,44.13,7.68,Maize,0,0,0,3.89,Low,8.8,3.86,Low
28.96,98.73,74.47,0.535,41.52,32.41,43.51,7.44,Rice,1,0,0,4.7,Medium,14.44,3.88,Medium
18.07,98.34,41.8,0.387,51.03,29.77,37.55,6.94,Rice,0,0,0,4.84,Low,14.72,4.44,Medium
26.39,43.53,94.07,0.463,60.42,56.57,54.43,6.76,Cotton,0,0,0,5.33,Low,9.5,5.19,Low
31.98,102.23,76.44,0.466,72.69,37.01,51.52,6.44,Wheat,0,1,0,5.07,Low,13.13,4.49,Medium
32.3,282.3,65.45,0.604,10.0,53.24,24.14,5.62,Wheat,0,0,1,4.19,High,28.06,3.2,High
32.13,123.89,76.06,0.497,40.03,31.6,23.23,6.35,Wheat,1,1,0,3.98,High,30.44,2.22,High
27.19,37.41,48.26,0.377,57.86,40.94,54.37,6.57,Maize,0,0,0,5.72,Low,12.93,4.94,Medium
22.77,49.88,84.56,0.462,53.22,37.33,35.77,6.66,Cotton,0,0,0,4.18,Low,6.83,4.1,Low
21.58,91.12,63.46,0.355,62.26,17.63,52.53,6.83,Rice,0,0,0,5.45,Low,14.64,4.82,Medium
28.72,50.67,65.14,0.365,59.82,55.14,59.71,7.14,Cotton,0,0,1,4.56,Low,9.88,3.89,Low
28.9,182.71,61.12,0.513,49.51,36.38,28.94,6.02,Rice,0,0,0,5.07,Low,4.49,4.79,Low
33.44,34.19,59.87,0.411,45.52,46.96,26.83,6.02,Maize,1,0,0,4.75,Low,6.5,3.98,Low
32.5,124.39,77.73,0.347,50.58,28.98,73.12,7.52,Maize,0,0,1,4.59,Medium,18.53,3.81,Medium
26.34,28.97,71.58,0.436,75.68,36.02,53.27,7.04,Rice,0,1,1,5.69,Low,11.69,4.68,Medium
20.78,90.24,77.12,0.455,41.82,27.6,41.71,6.23,Rice,0,0,1,4.65,Low,3.77,4.68,Low
25.4,45.74,67.88,0.223,53.87,52.83,33.99,6.42,Wheat,0,0,0,4.92,Low,7.44,4.77,Low
28.09,137.48,75.18,0.586,58.3,41.74,40.34,6.43,Cotton,0,0,0,5.1,Low,8.81,4.56,Low
25.99,165.76,62.14,0.722,83.09,42.4,30.14,6.52,Maize,0,0,0,5.97,Low,5.97,5.71,Low
24.11,113.62,98.0,0.537,49.59,54.3,61.25,6.83,Cotton,1,0,0,5.91,Low,21.43,4.61,Medium
28.26,170.06,46.05,0.647,72.26,51.88,36.35,8.27,Cotton,0,0,1,5.54,Medium,14.93,4.76,Medium
24.48,12.73,85.65,0.324,77.18,47.18,64.4,6.63,Wheat,0,0,0,5.78,Low,11.75,4.89,Medium
23.86,101.46,87.15,0.256,53.85,20.94,41.99,6.96,Maize,0,0,0,4.44,Low,16.76,3.81,Medium
28.56,123.38,56.07,0.264,51.21,29.65,32.35,5.32,Rice,0,0,1,5.13,High,24.54,3.58,Medium
24.99,132.61,98.0,0.485,49.08,25.95,41.61,6.16,Rice,0,0,1,5.16,High,34.03,3.07,High
28.22,22.58,81.94,0.268,50.4,46.73,8.64,7.36,Cotton,1,0,0,3.92,Low,1.33,3.84,Low
28.37,119.21,81.6,0.352,70.38,40.05,46.19,6.78,Maize,0,0,1,5.29,Medium,12.19,4.61,Medium
21.3,134.26,68.39,0.455,59.16,21.31,45.45,4.5,Rice,1,0,0,4.98,Medium,18.2,4.12,Medium
24.59,100.77,64.96,0.482,59.24,35.74,60.37,6.97,Wheat,0,1,0,4.71,Low,14.28,3.92,Medium
34.19,37.68,65.07,0.2,34.75,20.07,19.71,7.84,Maize,0,0,0,4.16,Low,4.91,4.29,Low
21.19,65.45,73.47,0.334,37.59,37.36,65.43,5.1,Cotton,0,0,1,4.68,Medium,10.44,4.22,Medium
16.42,183.23,87.62,0.671,93.58,18.14,60.31,7.56,Maize,0,0,1,5.63,Medium,20.27,4.53,Medium
17.69,171.8,70.54,0.399,51.8,44.35,66.78,4.56,Wheat,1,0,0,5.22,Medium,11.51,4.66,Medium
27.15,122.07,55.24,0.533,41.05,42.54,47.21,7.16,Wheat,0,0,0,4.94,Low,6.93,4.78,Low
27.15,139.14,79.54,0.418,80.76,60.9,63.21,6.49,Wheat,0,0,0,5.53,Low,11.51,5.0,Medium
26.41,160.56,80.9,0.547,60.07,48.17,25.93,4.86,Maize,0,1,0,5.38,Medium,11.82,4.82,Medium
33.07,121.26,77.17,0.555,65.41,32.93,58.7,6.81,Cotton,1,1,1,4.88,High,18.14,4.13,Medium
15.0,180.33,78.44,0.591,52.52,47.82,36.43,7.31,Wheat,0,0,0,6.41,Low,2.8,5.9,Low
28.98,177.0,64.21,0.603,49.26,21.23,23.23,6.75,Rice,0,0,0,4.38,Low,8.04,3.7,Low
34.81,300.0,54.99,0.545,51.95,26.45,31.14,6.91,Rice,0,0,0,5.24,Medium,11.55,4.62,Medium
21.36,67.23,55.85,0.492,30.11,42.0,48.08,6.21,Maize,1,0,0,4.33,Low,6.81,4.0,Low
25.1,68.02,45.1,0.296,53.42,12.1,35.64,5.2,Cotton,0,0,0,5.43,Low,2.43,5.4,Low
23.24,7.74,71.32,0.335,60.33,37.55,53.64,6.98,Rice,0,0,1,4.04,Low,14.56,3.45,Medium
22.53,116.08,66.83,0.465,88.31,25.76,20.88,7.72,Rice,1,0,0,5.38,Medium,22.66,4.27,Medium
25.37,253.4,61.84,0.653,56.55,39.22,16.09,7.29,Maize,0,0,0,5.68,Low,8.77,4.96,Low
34.14,188.28,26.62,0.56,12.98,25.07,68.59,5.11,Rice,0,0,0,4.93,Medium,15.03,4.19,Medium
36.19,148.98,50.54,0.394,53.31,43.09,61.56,5.44,Cotton,0,0,1,5.67,Medium,10.16,4.85,Medium
25.32,195.46,83.69,0.4,104.31,38.23,32.26,5.91,Wheat,0,1,0,6.42,Low,6.76,6.05,Low
36.53,124.66,58.7,0.537,70.59,54.8,47.96,5.38,Rice,0,0,0,5.1,Low,15.21,3.99,Medium
27.18,77.81,73.05,0.412,40.4,38.08,63.29,6.53,Cotton,0,0,0,4.87,Low,6.13,4.64,Low
35.77,288.14,48.53,0.761,65.64,28.78,54.29,6.78,Rice,0,0,1,5.0,Medium,20.86,3.69,Medium
26.53,119.42,88.14,0.439,41.64,35.04,50.22,5.5,Rice,0,0,0,4.94,Medium,14.23,4.17,Medium
27.66,174.85,65.98,0.369,30.63,21.87,64.43,7.04,Rice,0,0,0,4.55,Low,12.58,4.14,Medium
28.83,12.64,72.06,0.412,48.73,42.87,37.04,6.92,Rice,0,0,0,4.42,Low,0.0,4.46,Low
40.0,15.27,98.0,0.281,56.65,45.08,48.47,6.12,Rice,0,0,0,3.7,Low,10.23,3.03,Medium
31.26,103.36,89.23,0.458,21.3,67.63,47.73,6.38,Rice,0,0,1,4.96,High,29.82,3.36,High
23.46,50.68,63.71,0.296,34.32,30.54,43.91,5.14,Rice,0,1,1,3.61,Medium,11.36,2.93,Medium
31.84,109.04,59.69,0.595,55.19,34.79,42.15,6.27,Rice,0,0,0,5.03,Low,11.45,4.15,Medium
25.19,67.96,63.44,0.294,47.65,31.09,49.09,6.51,Maize,0,0,0,4.11,Low,12.81,3.6,Medium
24.55,300.0,75.14,0.626,62.11,40.55,48.52,6.62,Maize,0,1,1,5.59,High,25.35,4.27,High
31.54,167.09,66.53,0.511,33.14,42.58,32.27,6.77,Wheat,0,0,1,5.43,Medium,22.37,4.3,Medium
27.16,206.0,62.47,0.438,67.85,37.36,60.03,6.67,Wheat,1,0,0,5.88,Medium,8.31,5.5,Low
28.39,18.26,88.54,0.355,33.69,51.04,33.35,6.31,Wheat,0,0,0,4.89,Low,17.15,4.05,Medium
27.07,147.84,66.4,0.639,84.57,30.6,44.73,6.7,Cotton,0,0,0,6.25,Low,8.6,5.66,Low
28.68,83.61,98.0,0.351,24.12,49.83,43.57,7.2,Cotton,0,0,1,4.21,Medium,15.99,3.34,Medium
29.12,208.19,69.27,0.589,35.33,44.46,53.37,6.43,Rice,0,0,0,5.97,Medium,12.36,5.15,Medium
17.32,135.74,92.99,0.188,62.51,37.86,16.21,6.72,Rice,0,1,0,4.17,Medium,17.87,3.19,Medium
30.33,91.22,73.0,0.406,84.96,34.22,61.36,6.37,Rice,0,0,0,5.62,Low,8.83,4.97,Low
22.09,40.66,81.48,0.317,60.67,67.12,37.85,6.05,Rice,1,0,0,4.68,Medium,10.32,4.21,Medium
19.79,102.18,57.86,0.341,65.13,28.2,66.3,6.87,Maize,0,0,0,4.59,Low,7.06,4.24,Low
26.71,180.91,56.05,0.625,55.32,41.58,40.83,6.11,Wheat,0,1,0,5.67,Medium,10.92,5.6,Medium
27.42,214.9,74.44,0.525,36.52,29.0,47.27,6.77,Rice,0,0,0,5.61,Low,3.14,5.19,Low
23.53,74.61,81.84,0.372,46.18,59.43,76.71,6.52,Wheat,0,0,0,5.45,Low,4.73,5.17,Low
31.16,300.0,68.56,0.622,33.19,48.64,43.84,6.29,Wheat,1,0,0,5.71,Medium,14.4,4.63,Medium
20.29,173.04,49.99,0.316,31.98,29.86,66.58,6.27,Rice,0,0,1,4.96,Medium,12.32,4.28,Medium
24.97,51.41,48.96,0.248,62.23,44.15,48.59,6.14,Cotton,0,1,0,5.08,Low,9.73,4.52,Low
24.08,43.5,48.02,0.448,34.78,41.09,54.23,5.35,Rice,0,1,0,4.7,Medium,14.48,4.17,Medium
26.77,86.93,43.25,0.193,60.75,31.8,49.05,6.77,Cotton,0,0,0,5.1,Low,15.9,4.2,Medium
28.39,74.49,69.53,0.313,31.57,47.1,60.72,6.66,Rice,0,0,0,4.75,Low,0.0,4.72,Low
21.96,125.24,83.75,0.41,60.33,42.67,37.72,7.09,Cotton,0,0,0,5.46,Low,9.88,4.84,Low
30.62,95.79,67.81,0.589,46.2,40.59,33.24,6.13,Cotton,0,0,0,4.09,Low,8.03,3.51,Low
27.32,78.55,36.35,0.471,80.32,37.5,38.42,7.83,Cotton,0,0,1,5.1,Low,11.26,4.41,Medium
17.54,30.28,65.33,0.281,60.83,43.17,49.5,6.23,Cotton,0,0,1,4.02,Low,10.87,3.51,Medium
17.21,138.14,65.72,0.596,77.24,40.75,44.69,5.89,Maize,0,0,0,5.49,Low,7.34,5.1,Low
26.94,28.27,97.34,0.26,41.4,38.71,58.65,5.8,Maize,0,1,0,5.25,Low,12.69,4.69,Medium
25.9,173.36,47.6,0.609,56.01,30.31,67.57,5.29,Maize,0,0,0,5.21,Medium,11.02,4.59,Medium
26.48,20.13,62.53,0.188,37.34,58.33,33.36,7.57,Rice,0,0,0,4.5,Low,10.45,3.98,Medium
26.86,26.98,91.88,0.44,47.56,25.39,36.99,7.46,Wheat,0,0,1,4.79,Low,4.48,4.27,Low
28.13,51.24,74.3,0.321,50.28,43.13,26.46,6.92,Wheat,1,0,0,3.67,Low,11.11,3.36,Medium
31.74,70.29,75.89,0.281,41.93,34.16,78.46,5.87,Cotton,0,0,0,4.46,Low,7.91,3.98,Low
21.44,61.14,69.6,0.352,33.12,59.11,52.57,7.77,Wheat,0,0,0,4.83,Low,6.05,4.67,Low
21.14,70.09,72.62,0.412,29.56,27.16,55.2,6.25,Wheat,0,0,0,3.14,Low,7.07,3.15,Low
21.53,110.34,78.89,0.383,12.88,29.18,27.9,6.31,Maize,0,0,1,3.83,Medium,13.36,3.29,Medium
28.44,52.07,56.67,0.418,35.99,26.36,47.98,7.51,Rice,1,1,0,4.94,Medium,19.19,3.81,Medium
33.22,110.96,80.29,0.375,66.29,41.88,55.64,6.96,Rice,0,1,0,5.56,Medium,26.93,4.06,High
24.84,12.81,48.78,0.377,26.23,21.52,44.21,8.04,Wheat,0,0,0,4.28,Low,12.88,3.79,Medium
15.0,50.73,72.6,0.405,30.37,32.26,64.14,6.67,Wheat,1,0,1,4.76,Medium,11.74,4.14,Medium
18.48,25.92,70.5,0.325,87.24,12.17,82.68,6.22,Rice,1,0,0,4.99,Low,10.52,4.36,Medium
22.83,172.23,59.37,0.463,43.54,40.89,33.79,6.07,Wheat,0,0,0,5.32,Low,10.69,4.85,Medium
24.21,56.9,67.68,0.383,60.78,32.0,32.67,5.21,Wheat,0,1,0,4.58,Low,4.3,4.47,Low
24.96,133.17,59.28,0.515,66.56,20.14,34.83,6.3,Wheat,0,1,0,5.13,Medium,8.96,4.61,Low
27.19,22.25,53.0,0.533,66.93,51.03,72.09,7.3,Wheat,0,0,0,4.8,Low,7.75,4.13,Low
25.44,212.9,63.05,0.649,27.6,22.31,63.64,6.92,Maize,0,0,0,5.73,Low,11.23,5.17,Medium
32.25,99.22,52.54,0.517,50.84,47.56,45.97,6.51,Rice,0,0,0,5.64,Low,1.55,5.42,Low
23.62,272.96,72.52,0.9,25.87,29.59,48.55,5.8,Cotton,0,0,0,6.07,High,31.12,4.22,High
22.69,92.37,51.9,0.462,99.03,57.22,35.75,6.66,Cotton,0,1,0,5.37,Low,10.29,4.84,Medium
29.39,30.57,77.97,0.385,26.29,46.99,61.35,7.21,Wheat,0,0,0,4.01,Low,8.17,3.35,Low
19.32,46.39,51.46,0.426,36.14,25.9,42.3,6.8,Wheat,0,0,0,4.9,Low,13.67,4.25,Medium
28.95,80.14,60.07,0.295,36.27,27.0,44.1,6.62,Wheat,0,0,0,4.73,Low,2.35,4.71,Low
27.51,47.67,59.26,0.313,28.06,45.27,57.13,5.94,Cotton,0,0,0,4.64,Low,17.41,3.95,Medium
26.26,162.58,86.55,0.444,79.35,34.85,45.18,7.11,Maize,0,0,0,5.22,Low,5.85,4.93,Low
34.94,97.4,72.62,0.482,98.6,35.97,44.48,4.5,Cotton,0,0,0,5.56,Low,0.0,5.2,Low
23.89,48.09,65.04,0.34,46.44,53.27,48.16,6.77,Wheat,0,0,0,4.25,Low,7.76,4.15,Low
37.3,148.43,74.98,0.492,31.23,29.02,59.93,8.3,Maize,0,0,0,5.04,Medium,9.46,4.63,Low
25.87,73.45,38.5,0.497,14.74,39.1,72.7,5.44,Rice,0,0,0,5.19,Low,7.84,4.57,Low
20.61,144.54,67.4,0.56,50.61,49.46,56.78,6.33,Maize,0,0,0,5.97,Low,7.71,5.37,Low
27.35,65.97,95.97,0.363,49.31,47.71,60.05,6.49,Rice,0,0,1,5.2,Medium,17.22,4.35,Medium
21.62,127.8,69.85,0.386,43.28,36.08,45.0,6.18,Maize,0,0,0,4.23,Medium,10.63,3.9,Medium
23.24,71.78,68.95,0.5,58.98,34.53,37.38,7.23,Cotton,0,0,1,4.93,Medium,15.73,4.07,Medium
28.99,162.61,75.67,0.573,62.11,17.13,57.81,6.83,Rice,0,0,0,6.2,Low,6.73,5.93,Low
29.78,22.67,80.54,0.167,60.82,25.33,50.57,6.61,Maize,1,0,0,4.1,High,35.41,2.33,High
23.89,38.27,40.04,0.315,49.31,41.82,26.66,7.06,Rice,0,0,0,4.5,Low,7.28,3.98,Low
31.94,84.77,44.45,0.418,35.17,36.35,43.08,6.51,Maize,0,1,0,5.2,Low,4.14,4.62,Low
32.79,58.65,70.94,0.448,66.98,38.9,46.76,8.5,Rice,1,0,0,5.16,Low,1.25,4.94,Low
34.18,70.35,57.99,0.475,55.23,50.47,40.34,6.61,Cotton,1,0,0,5.96,Low,7.31,5.79,Low
29.65,136.51,86.37,0.492,70.99,23.75,70.23,6.64,Rice,0,0,1,4.98,Medium,12.92,4.7,Medium
33.82,69.39,63.59,0.442,69.22,35.17,55.2,5.3,Cotton,0,0,0,4.5,Medium,8.6,4.16,Low
17.6,113.35,40.92,0.442,29.41,40.26,68.6,6.12,Cotton,1,0,1,5.3,Medium,16.11,4.33,Medium
25.41,50.48,50.25,0.293,29.18,29.55,51.95,7.3,Maize,0,0,0,3.83,Low,0.89,3.76,Low
22.66,18.71,29.5,0.296,41.4,55.18,49.22,5.57,Maize,0,0,0,4.45,Low,13.65,3.93,Medium
27.6,144.02,64.72,0.475,35.99,48.9,33.95,4.99,Maize,0,0,0,4.93,Medium,14.64,3.93,Medium
24.14,240.41,65.36,0.585,68.59,41.48,48.18,6.52,Cotton,0,0,0,6.26,Low,12.82,5.35,Medium
26.17,106.32,62.06,0.239,61.32,59.53,48.2,7.46,Rice,0,1,1,5.46,Medium,9.86,5.18,Low
36.41,87.72,83.1,0.366,74.79,20.01,27.49,6.53,Maize,0,0,1,4.96,Medium,17.06,3.93,Medium
26.15,99.59,84.78,0.425,62.14,37.91,39.91,6.26,Rice,0,1,1,4.85,Medium,13.99,4.04,Medium
29.07,196.3,65.61,0.507,58.76,42.4,43.15,5.2,Maize,0,0,1,5.97,Medium,11.26,5.3,Medium
25.84,107.09,38.11,0.404,76.6,27.03,54.2,6.82,Rice,0,0,0,7.03,Low,8.8,6.46,Low
27.38,148.12,76.64,0.527,63.46,41.61,54.92,6.96,Maize,1,0,0,5.69,Medium,7.27,5.16,Low
27.03,144.31,75.78,0.365,56.23,24.72,39.28,5.25,Maize,0,0,1,5.04,Medium,7.46,4.68,Low
29.24,170.58,72.33,0.342,81.65,46.29,55.03,7.29,Wheat,1,0,0,5.03,Medium,9.52,4.66,Low
32.83,86.53,81.74,0.369,57.07,50.69,45.27,7.04,Wheat,1,0,0,4.64,Medium,15.4,4.28,Medium
35.24,65.38,51.69,0.455,49.52,41.27,8.0,7.29,Maize,0,0,0,4.4,Low,7.99,4.02,Low
28.55,128.65,96.12,0.623,39.92,15.77,40.73,6.91,Maize,0,0,0,4.53,Medium,22.2,3.51,Medium
29.95,163.67,54.57,0.575,67.65,26.4,64.18,6.96,Wheat,0,0,0,5.39,Low,4.32,5.43,Low
21.25,181.67,78.49,0.371,77.27,44.78,22.77,6.86,Maize,1,0,0,6.22,Low,10.3,5.48,Medium
26.56,210.12,44.38,0.529,54.09,38.25,49.69,7.11,Cotton,0,0,0,6.03,Low,7.54,5.34,Low
31.7,155.22,54.98,0.512,78.54,5.67,71.78,5.23,Rice,0,0,0,5.24,Low,4.23,5.06,Low
31.33,63.0,89.23,0.393,19.54,52.91,36.59,5.45,Rice,1,0,0,3.85,Medium,19.54,3.29,Medium
28.06,106.24,64.35,0.481,54.0,39.64,48.03,5.98,Rice,0,0,0,5.62,Low,7.74,5.25,Low
31.43,100.59,79.76,0.329,54.28,28.17,28.44,6.41,Maize,1,0,0,4.67,Medium,11.48,4.11,Medium
29.45,93.96,71.32,0.419,41.91,49.94,72.41,6.77,Wheat,0,0,0,4.2,Low,8.17,3.6,Low
33.0,128.8,66.53,0.497,97.91,29.87,46.75,6.73,Maize,0,0,0,5.8,Low,7.48,5.36,Low
28.45,81.56,87.09,0.48,53.81,29.74,48.7,7.28,Maize,0,0,0,5.29,Low,11.39,4.91,Medium
25.22,81.64,64.69,0.317,47.66,42.3,68.31,7.3,Wheat,0,0,0,3.82,Low,6.35,3.35,Low
28.68,248.72,43.07,0.564,55.47,59.37,57.92,5.89,Cotton,0,0,0,5.47,Low,7.78,5.0,Low
15.0,89.39,56.75,0.137,18.95,57.48,34.87,6.67,Maize,1,0,0,4.27,Medium,19.3,3.37,Medium
28.91,169.87,75.72,0.442,41.32,42.32,38.29,5.91,Rice,0,0,0,5.39,Low,4.79,5.01,Low
15.0,175.55,73.54,0.458,72.7,43.55,55.42,6.37,Wheat,0,0,0,5.21,Low,3.92,5.05,Low
18.38,108.03,46.06,0.328,43.68,47.5,38.64,6.73,Wheat,1,0,0,4.39,Low,7.04,4.16,Low
29.26,83.69,57.86,0.417,40.08,22.92,16.24,4.5,Rice,0,0,0,4.75,Low,10.94,4.31,Medium
29.39,51.92,59.86,0.357,78.57,45.73,47.2,8.19,Rice,0,0,0,4.85,Low,8.74,4.25,Low
21.19,27.94,62.88,0.108,79.12,29.19,25.8,6.9,Cotton,1,0,0,4.84,Medium,16.88,3.73,Medium
23.44,134.26,48.74,0.483,64.31,41.82,72.24,6.08,Wheat,0,0,0,4.88,Low,5.71,4.65,Low
33.85,118.63,59.2,0.35,46.81,35.27,50.65,7.85,Wheat,0,0,0,4.2,Medium,16.54,3.42,Medium
24.58,145.96,57.8,0.524,50.69,44.01,34.42,6.26,Maize,0,0,0,5.47,Low,0.0,5.8,Low
38.21,68.17,78.8,0.254,40.53,39.42,37.52,6.59,Maize,0,1,0,4.51,Low,11.19,4.34,Medium
26.99,263.01,79.33,0.619,37.09,5.0,19.66,6.16,Cotton,0,0,0,5.51,High,23.5,4.58,Medium
29.04,124.91,65.96,0.422,36.2,40.15,31.51,7.66,Maize,0,0,0,4.52,Low,2.34,4.24,Low
35.08,87.28,62.51,0.435,43.88,45.71,63.24,6.43,Wheat,0,0,0,4.46,Low,5.94,4.3,Low
27.66,17.69,69.96,0.334,36.38,43.35,81.48,6.6,Wheat,0,0,0,5.2,Low,16.68,4.49,Medium
21.99,73.25,56.57,0.362,26.85,36.77,58.9,7.34,Cotton,0,1,0,3.82,Medium,20.71,3.17,Medium
26.45,150.01,51.94,0.326,58.95,57.71,46.62,6.91,Maize,0,0,0,5.91,Low,10.83,5.2,Medium
26.82,207.03,54.84,0.401,59.22,41.74,41.52,6.46,Cotton,0,0,0,6.04,Low,9.43,5.7,Low
20.18,95.99,59.11,0.357,85.61,43.25,33.65,7.28,Rice,0,0,0,5.59,Low,0.55,5.56,Low
25.72,226.29,51.71,0.571,42.97,50.53,78.9,8.28,Cotton,0,0,0,5.36,Low,13.63,4.65,Medium
23.29,49.2,70.27,0.298,60.33,42.35,45.17,6.72,Maize,1,0,0,4.41,Medium,11.8,3.61,Medium
31.62,120.77,78.22,0.507,60.63,27.22,79.73,6.58,Rice,0,0,1,5.08,Medium,10.73,4.65,Medium
27.17,122.81,45.78,0.419,50.43,8.74,68.9,6.62,Maize,0,1,0,4.3,Medium,14.62,3.62,Medium
25.59,134.89,68.35,0.365,68.4,32.27,21.89,7.42,Maize,0,0,0,4.65,Low,6.12,4.45,Low
26.47,104.18,64.92,0.397,68.95,47.13,38.01,6.08,Rice,0,0,1,5.47,Low,11.48,4.89,Medium
28.12,116.86,72.78,0.463,60.89,33.76,37.96,6.31,Wheat,1,1,0,5.33,Medium,6.26,5.03,Low
30.08,48.38,67.82,0.391,50.4,47.61,46.8,5.42,Cotton,0,0,0,4.26,Medium,14.3,3.64,Medium
22.0,195.79,47.65,0.723,48.56,39.78,47.1,5.67,Rice,0,0,0,5.69,Medium,10.48,5.23,Medium
21.79,160.31,50.33,0.425,30.38,53.46,92.94,6.14,Wheat,0,0,0,5.43,Low,6.36,5.05,Low
32.52,114.13,68.41,0.43,40.49,34.46,31.84,6.46,Wheat,0,0,0,5.35,Low,9.22,4.6,Low
24.94,162.48,82.4,0.538,43.8,43.61,51.43,7.74,Wheat,0,0,0,5.46,Medium,9.53,5.05,Low
19.92,199.36,37.0,0.537,34.77,44.07,57.25,6.88,Cotton,1,0,0,5.68,Medium,14.66,4.7,Medium
29.22,133.75,72.84,0.41,62.92,56.02,47.98,5.86,Maize,0,0,0,5.53,Low,7.15,4.9,Low
29.32,279.06,84.65,0.48,76.54,17.52,49.65,5.99,Rice,0,0,0,6.23,Low,10.36,5.4,Medium
19.35,140.3,65.86,0.417,38.65,32.5,32.33,7.46,Cotton,0,0,0,4.16,Low,6.12,3.95,Low
28.15,53.77,75.7,0.257,60.1,48.18,49.6,7.29,Cotton,0,0,0,4.8,Low,7.38,4.43,Low
30.68,110.71,58.16,0.26,36.39,56.55,55.67,6.52,Rice,0,0,0,4.84,Low,4.93,4.22,Low
28.87,166.14,66.33,0.42,49.51,40.88,52.91,6.19,Cotton,0,0,0,5.09,Low,8.03,4.61,Low
30.16,199.47,45.31,0.435,42.57,34.49,56.55,7.29,Rice,0,0,0,5.4,Low,6.89,5.24,Low
19.98,105.53,35.18,0.485,65.83,47.09,69.19,5.8,Cotton,0,0,0,5.55,Low,5.55,5.16,Low
28.66,50.86,81.2,0.421,42.78,48.42,62.05,6.77,Maize,1,0,0,4.94,Low,14.36,4.2,Medium
25.49,82.55,54.21,0.309,73.21,33.68,49.07,8.09,Maize,0,0,0,4.98,Low,9.66,4.68,Low
24.59,36.06,61.62,0.317,50.58,41.96,30.42,6.64,Rice,1,0,0,4.23,Medium,12.47,3.85,Medium
31.35,148.77,48.59,0.293,43.31,52.17,39.0,5.96,Cotton,0,0,1,5.47,Low,8.58,5.19,Low
34.4,72.66,48.26,0.338,32.44,60.69,44.71,6.79,Rice,0,0,0,4.77,Low,3.89,4.09,Low
35.97,59.66,65.57,0.411,59.56,46.91,51.79,6.17,Rice,1,0,0,4.36,Low,6.25,4.4,Low
33.57,157.25,57.79,0.571,71.11,38.53,40.83,5.52,Rice,0,0,0,5.25,Low,6.72,5.01,Low
26.45,223.72,73.29,0.497,59.92,37.35,33.96,6.99,Maize,0,0,0,4.72,Medium,14.01,4.5,Medium
28.76,59.48,74.34,0.477,95.3,44.69,30.18,7.28,Rice,0,0,0,5.28,Low,9.55,4.63,Low
30.83,105.95,72.49,0.276,80.74,36.61,23.23,6.28,Cotton,0,0,0,4.96,Low,5.98,4.35,Low
27.61,84.74,71.34,0.277,49.46,40.28,44.48,6.24,Maize,1,0,1,4.52,High,24.58,3.41,Medium
27.65,204.72,90.09,0.617,49.28,25.31,25.96,5.83,Rice,0,0,0,5.91,Medium,15.73,4.93,Medium
31.12,90.93,53.05,0.576,63.45,53.56,32.99,6.4,Rice,1,1,1,4.58,High,37.84,2.97,High
26.7,47.55,67.23,0.406,39.92,24.32,42.09,6.11,Rice,0,0,1,4.76,Low,5.35,4.7,Low
23.35,93.64,83.86,0.408,75.99,32.81,27.96,5.79,Maize,0,0,0,6.02,Low,0.0,6.0,Low
24.93,180.75,85.7,0.297,61.51,39.17,53.7,7.82,Cotton,0,0,1,5.85,Medium,11.6,5.12,Medium
30.17,81.63,48.1,0.196,59.62,61.89,59.1,6.83,Rice,1,0,0,5.04,Low,11.04,4.58,Medium
27.01,63.72,63.63,0.389,67.37,32.93,39.76,6.9,Cotton,0,1,0,4.38,Low,13.35,3.75,Medium
28.7,88.4,87.01,0.37,86.01,30.01,41.44,7.12,Rice,1,0,0,4.55,Low,9.27,4.06,Low
30.35,48.63,75.11,0.248,58.08,31.39,56.06,7.04,Cotton,0,0,0,4.48,Low,13.12,4.08,Medium
25.13,84.68,70.73,0.408,52.97,57.91,37.29,6.21,Cotton,0,0,0,4.69,Low,10.97,4.4,Medium
30.78,66.95,64.95,0.392,82.16,5.0,36.26,6.69,Maize,0,0,1,4.46,Medium,13.24,4.06,Medium
28.89,300.0,62.63,0.754,72.42,25.97,65.95,6.31,Maize,0,0,0,5.96,Medium,20.96,4.68,Medium
20.83,21.46,72.04,0.339,49.22,70.78,61.26,6.81,Cotton,1,0,0,4.78,Low,8.72,3.98,Low
34.21,53.6,64.47,0.487,55.09,45.09,57.02,6.74,Rice,0,1,0,5.04,Low,11.51,4.43,Medium
24.5,63.69,67.4,0.377,58.52,24.73,61.88,6.23,Rice,0,0,0,4.25,Low,9.59,3.71,Low
18.72,48.86,69.1,0.347,61.51,37.5,18.34,5.57,Rice,0,0,0,4.27,Low,5.29,4.02,Low
21.77,121.48,58.51,0.552,30.58,38.81,68.31,6.6,Wheat,0,0,0,4.82,Low,7.3,4.35,Low
21.89,58.77,75.45,0.273,27.24,48.15,53.88,6.36,Maize,0,0,1,4.39,Medium,21.93,3.42,Medium
27.26,33.17,98.0,0.621,39.03,60.07,63.16,5.18,Maize,1,0,0,5.68,Medium,19.0,4.42,Medium
25.63,100.29,43.12,0.458,37.63,42.66,53.81,6.86,Cotton,0,0,0,4.97,Low,11.48,4.17,Medium
25.32,78.67,72.54,0.432,43.41,31.52,48.73,7.18,Rice,0,0,0,3.99,Low,10.16,3.8,Medium
30.1,60.65,57.36,0.425,66.42,47.45,43.87,8.27,Maize,0,0,0,5.16,Low,9.09,4.51,Low
28.7,201.81,76.08,0.73,51.96,29.62,53.51,6.23,Rice,0,0,1,5.67,Low,8.43,5.19,Low
28.58,123.9,68.65,0.528,58.54,25.6,43.32,6.12,Rice,0,0,0,4.96,Low,11.59,4.56,Medium
29.05,115.82,78.67,0.278,32.96,16.88,61.02,5.72,Maize,0,0,0,4.03,Medium,16.87,3.52,Medium
30.08,125.53,84.46,0.591,46.69,19.22,24.2,6.65,Cotton,0,0,0,5.53,Medium,15.06,4.84,Medium
16.46,121.76,70.69,0.412,65.57,27.24,39.88,6.64,Maize,0,1,1,4.45,High,23.22,3.47,Medium
25.18,81.23,83.85,0.408,65.71,23.87,78.67,5.93,Rice,1,1,0,5.37,Medium,15.54,4.66,Medium
16.1,59.19,35.18,0.243,41.96,41.76,38.61,6.38,Maize,1,0,0,4.52,Low,7.73,4.42,Low
27.18,101.64,90.27,0.475,57.91,23.61,44.42,5.11,Rice,1,0,0,5.18,Medium,16.77,4.39,Medium
26.98,80.29,73.25,0.331,94.58,5.0,34.76,7.15,Cotton,0,0,0,5.77,Low,18.72,4.36,Medium
32.23,21.2,83.09,0.335,54.68,25.47,53.04,5.96,Maize,0,0,0,4.72,Low,1.84,4.54,Low
32.94,45.9,50.92,0.327,42.52,32.34,36.96,6.48,Rice,0,0,0,4.13,Low,11.83,3.77,Medium
28.01,73.95,56.37,0.581,51.87,30.73,45.22,5.5,Rice,0,0,0,5.32,Low,4.55,4.96,Low
24.5,159.19,70.04,0.689,56.66,56.23,60.73,6.09,Rice,0,0,1,5.27,Medium,14.52,4.8,Medium
29.43,101.91,67.76,0.427,52.28,30.64,37.52,6.3,Cotton,0,0,0,4.88,Low,18.27,3.98,Medium
24.36,52.23,71.96,0.369,54.44,48.57,59.83,6.49,Wheat,1,0,1,4.31,Medium,10.15,3.89,Medium
26.99,43.11,83.18,0.314,29.02,37.77,60.33,6.84,Maize,1,0,0,3.99,Medium,11.1,3.75,Medium
31.93,178.87,43.29,0.625,37.67,37.49,63.82,7.51,Maize,0,0,0,5.2,Low,7.93,4.76,Low
24.21,83.62,81.63,0.367,52.31,27.98,50.11,7.01,Maize,0,0,0,4.94,Low,4.61,4.74,Low
31.03,6.71,68.12,0.266,52.03,37.29,96.62,7.17,Rice,0,0,0,3.91,Low,11.54,3.62,Medium
30.39,87.0,65.15,0.502,44.81,28.82,63.82,7.51,Cotton,0,0,0,5.02,Low,5.86,4.46,Low
22.23,139.82,47.4,0.414,51.81,40.04,52.87,6.9,Wheat,0,0,0,4.73,Low,10.62,4.17,Medium
31.87,42.16,75.04,0.347,56.1,35.17,34.86,6.47,Maize,1,0,0,5.14,Medium,8.68,4.84,Low
30.49,97.25,34.2,0.259,71.01,26.66,46.54,7.21,Maize,0,1,0,4.78,Medium,6.77,4.47,Low
27.51,102.9,77.08,0.494,53.21,49.9,69.39,7.25,Maize,0,0,0,4.69,Low,7.08,4.62,Low
23.19,44.0,47.11,0.547,62.18,43.12,73.64,6.95,Cotton,0,1,1,5.07,Low,1.73,4.7,Low
22.7,188.18,68.75,0.598,45.25,32.62,70.17,5.48,Rice,0,0,0,4.91,Medium,20.07,3.62,Medium
24.31,103.98,66.33,0.571,65.3,39.75,59.78,5.91,Wheat,0,0,0,5.82,Low,1.88,5.85,Low
29.71,73.71,84.37,0.304,61.76,36.99,29.17,6.31,Wheat,0,0,0,4.76,Low,3.85,4.73,Low
22.22,83.97,65.5,0.424,70.58,27.59,55.31,7.05,Wheat,0,0,0,4.95,Low,9.65,4.43,Low
29.19,38.11,58.28,0.251,67.84,38.85,29.38,6.49,Rice,0,0,0,4.96,Low,5.65,4.75,Low
20.79,36.95,60.91,0.322,65.6,30.55,25.69,7.3,Rice,0,1,0,4.12,Low,1.93,4.18,Low
25.98,69.32,85.82,0.46,53.23,26.66,51.59,7.42,Rice,0,0,0,4.21,Medium,26.16,2.97,High
27.55,72.15,75.51,0.397,59.41,18.53,55.85,7.34,Wheat,0,0,0,4.97,Low,3.99,4.64,Low
39.23,80.53,62.6,0.255,74.14,33.7,61.55,7.34,Wheat,1,0,0,4.41,Medium,13.21,3.86,Medium
20.11,197.65,64.69,0.406,43.26,44.8,55.46,5.77,Maize,0,0,0,4.74,Low,7.16,4.57,Low
34.36,135.45,46.06,0.324,43.69,29.66,55.97,6.84,Maize,0,0,1,5.18,Medium,16.84,4.1,Medium
27.75,24.17,73.44,0.378,58.27,68.25,33.23,6.07,Wheat,0,0,0,5.09,Low,9.85,4.55,Low
29.06,176.58,43.36,0.718,62.48,48.63,46.43,5.35,Wheat,0,0,0,4.99,Medium,10.69,4.41,Medium
27.59,68.97,78.53,0.519,40.17,53.65,25.39,6.3,Rice,0,0,0,4.45,Low,6.7,4.22,Low
29.22,143.08,69.8,0.282,53.65,47.54,17.95,7.43,Maize,0,0,0,4.56,Low,7.09,4.23,Low
26.23,72.59,98.0,0.529,53.31,60.23,59.11,6.82,Wheat,0,0,0,5.94,Low,15.0,4.95,Medium
34.27,99.99,52.6,0.514,15.12,28.56,36.7,7.91,Rice,1,0,0,4.71,High,21.33,3.93,Medium
24.72,40.25,66.56,0.194,51.05,7.27,61.09,6.62,Wheat,0,0,0,4.22,Low,16.07,3.44,Medium
32.66,113.59,93.18,0.406,52.17,32.65,64.63,8.21,Wheat,0,0,0,5.21,Medium,14.96,4.38,Medium
23.78,152.57,84.68,0.593,52.11,44.7,38.71,6.62,Rice,1,0,0,4.61,Medium,13.97,3.68,Medium
26.7,28.06,58.25,0.389,80.49,39.82,56.85,6.52,Maize,0,0,1,4.74,Low,3.36,4.45,Low
21.64,153.93,71.14,0.354,33.12,41.31,38.08,5.6,Maize,0,0,0,4.87,Low,2.81,4.83,Low
29.28,59.02,68.03,0.432,40.16,53.85,20.31,7.28,Maize,0,0,0,4.8,Low,4.5,4.64,Low
34.23,233.62,71.95,0.367,10.0,42.58,49.85,6.15,Maize,0,0,0,4.84,Medium,15.12,4.22,Medium
26.61,144.61,58.22,0.451,46.34,47.59,40.94,6.05,Maize,0,0,0,5.23,Low,6.34,4.99,Low
26.02,130.33,66.75,0.57,47.88,26.73,41.4,7.4,Wheat,0,0,0,5.01,Medium,10.08,4.88,Medium
21.43,84.28,45.63,0.403,45.82,24.86,77.63,7.31,Maize,0,0,1,4.71,Low,10.78,4.07,Medium
25.85,300.0,69.89,0.61,74.94,57.37,25.11,7.29,Wheat,1,0,0,6.02,Medium,15.87,4.78,Medium
19.04,69.26,74.3,0.472,70.49,39.21,53.74,6.25,Wheat,0,0,0,4.82,Low,4.42,4.42,Low
22.44,46.66,64.82,0.453,56.4,30.52,33.08,6.46,Maize,0,0,0,4.73,Low,6.43,4.3,Low
28.13,60.42,45.39,0.504,48.33,30.54,61.62,6.46,Wheat,0,0,0,4.95,Low,11.97,4.19,Medium
33.6,168.48,81.84,0.59,73.47,30.21,52.48,7.05,Wheat,0,1,0,5.5,Medium,14.86,4.7,Medium
40.0,98.84,73.1,0.527,54.64,29.49,53.69,7.59,Maize,0,0,1,4.25,Low,7.6,4.15,Low
24.07,90.14,57.84,0.481,40.27,22.6,33.83,6.76,Cotton,0,0,0,4.13,Low,2.27,4.32,Low
34.18,69.93,64.07,0.41,24.11,19.99,36.52,7.88,Cotton,1,0,0,4.35,Medium,9.43,4.03,Low
28.22,87.27,46.99,0.414,47.06,35.66,61.91,7.13,Wheat,0,0,0,5.52,Low,2.89,5.75,Low
26.24,66.83,53.64,0.356,68.58,30.88,74.56,6.34,Wheat,0,0,0,5.14,Low,13.23,4.39,Medium
29.16,137.52,60.47,0.344,95.98,51.29,55.2,7.08,Maize,0,0,0,5.51,Low,10.12,4.66,Medium
27.31,79.37,85.2,0.3,56.11,41.52,34.54,7.69,Wheat,0,0,0,4.91,Low,8.55,4.68,Low
27.55,61.17,59.05,0.345,41.22,41.18,53.08,7.9,Cotton,0,0,0,4.15,Low,5.74,3.59,Low
24.96,160.46,76.96,0.517,33.67,29.08,84.41,7.33,Wheat,0,0,0,5.71,Medium,10.7,4.96,Medium
20.01,47.71,60.46,0.501,64.94,36.55,49.54,6.52,Rice,0,0,0,4.93,Low,4.46,4.8,Low
19.28,99.69,71.47,0.415,23.24,42.33,69.93,6.35,Rice,0,0,1,4.35,Medium,15.84,3.64,Medium
30.27,21.08,66.02,0.426,64.91,46.59,36.9,6.9,Cotton,0,0,0,4.67,Low,6.85,4.32,Low
25.62,34.71,80.22,0.45,69.72,36.87,47.37,7.67,Rice,0,0,0,4.67,Low,16.32,3.69,Medium
24.02,74.02,60.51,0.366,62.85,50.95,57.29,6.8,Rice,0,0,0,5.67,Low,13.0,4.93,Medium
27.04,66.03,45.98,0.439,51.05,38.1,53.96,6.82,Wheat,0,0,0,4.74,Low,13.24,4.29,Medium
30.97,65.96,48.65,0.355,65.17,47.51,36.5,6.54,Rice,0,1,0,4.96,Low,10.69,4.44,Medium
27.9,145.38,60.55,0.607,58.08,32.12,35.86,6.27,Wheat,0,0,0,5.42,Low,6.31,4.93,Low
23.72,150.29,50.51,0.544,40.99,16.25,62.82,6.39,Maize,0,0,0,4.61,Low,10.39,3.91,Medium
33.13,111.48,73.74,0.315,88.31,41.22,65.87,6.59,Rice,1,0,0,5.49,Low,6.6,4.98,Low
34.9,45.93,61.48,0.371,48.67,46.7,70.68,7.7,Cotton,0,0,0,4.85,Low,14.52,4.22,Medium
29.47,86.84,98.0,0.569,68.96,44.9,75.06,6.33,Cotton,0,0,0,4.61,Medium,19.62,3.77,Medium
31.87,252.2,43.67,0.585,11.46,43.07,50.02,6.54,Wheat,1,0,0,5.23,Medium,20.05,4.04,Medium
33.21,300.0,70.85,0.705,77.98,33.82,43.33,5.89,Rice,0,0,0,6.01,Medium,19.51,4.44,Medium
32.65,161.35,52.21,0.548,81.44,28.32,68.26,7.0,Maize,0,0,0,5.6,Low,14.96,4.83,Medium
30.07,47.21,61.09,0.253,55.54,44.62,58.7,7.46,Rice,0,0,0,4.77,Low,2.26,4.5,Low
29.99,87.32,69.98,0.456,65.06,43.12,33.26,7.64,Wheat,0,0,0,5.1,Low,15.35,4.44,Medium
29.6,107.15,35.44,0.289,65.05,31.27,32.5,6.64,Cotton,0,0,0,5.5,Low,7.26,4.96,Low
21.51,97.71,71.32,0.355,43.43,51.31,55.38,6.9,Cotton,1,1,0,4.36,Medium,8.38,3.82,Low
30.5,171.04,94.64,0.613,64.85,27.41,45.34,6.39,Maize,0,0,1,5.16,Medium,14.99,4.42,Medium
20.22,141.72,61.65,0.506,40.44,31.0,47.6,6.87,Wheat,0,0,0,5.18,Low,1.4,5.53,Low
23.03,45.43,71.64,0.324,44.04,57.64,64.09,6.72,Maize,0,1,0,5.01,Medium,16.61,4.31,Medium
33.52,62.16,82.35,0.419,75.28,48.42,59.39,6.54,Maize,1,0,0,5.32,Medium,9.85,4.82,Low
31.2,160.97,65.7,0.487,72.54,33.7,67.95,6.6,Wheat,0,0,0,6.7,Low,8.67,6.19,Low
34.44,201.33,59.87,0.543,42.29,41.45,19.03,6.82,Maize,1,0,0,5.33,Medium,18.54,4.03,Medium
25.64,107.95,36.14,0.495,41.8,39.86,51.8,6.29,Rice,0,0,0,5.44,Low,5.31,4.95,Low
21.24,215.43,76.97,0.486,43.38,5.05,58.42,6.33,Rice,0,0,0,4.92,Low,6.93,4.13,Low
25.8,100.73,66.42,0.425,68.19,27.12,25.1,7.7,Wheat,0,0,0,4.51,Low,2.79,4.69,Low
27.51,51.16,53.82,0.33,37.0,37.39,38.18,8.4,Rice,0,0,0,4.32,Low,6.45,4.32,Low
27.39,134.38,69.77,0.303,61.42,33.72,35.39,5.66,Rice,0,1,0,5.36,Low,18.3,4.45,Medium
32.67,300.0,59.83,0.568,68.44,40.97,48.33,5.62,Cotton,1,0,0,6.13,Medium,22.11,4.8,Medium
25.19,38.34,60.6,0.503,53.41,51.55,72.42,5.83,Cotton,0,0,0,5.16,Low,6.94,4.53,Low
28.76,210.87,76.49,0.592,73.18,34.14,78.34,6.43,Maize,0,1,0,5.71,Medium,11.55,5.02,Medium
22.06,130.01,49.26,0.324,49.52,25.31,35.79,7.13,Cotton,0,0,0,4.61,Low,7.83,4.58,Low
29.25,59.72,82.66,0.218,51.15,41.9,55.9,6.91,Cotton,0,0,0,4.64,Medium,14.52,3.99,Medium
27.02,21.52,48.43,0.315,37.41,34.08,56.38,6.62,Rice,0,0,0,4.74,Low,6.32,4.34,Low
23.25,14.88,58.72,0.474,73.31,36.13,53.81,6.87,Wheat,0,0,0,5.25,Low,10.12,4.4,Medium
25.82,65.87,94.92,0.36,41.2,34.5,53.98,6.02,Wheat,0,0,0,4.21,Low,8.19,4.11,Low
26.08,117.87,83.78,0.572,61.3,64.9,52.56,6.33,Rice,1,0,0,5.79,Low,4.17,5.53,Low
25.65,154.31,69.37,0.52,53.72,11.11,73.31,6.49,Maize,0,0,1,4.85,Medium,15.48,3.79,Medium
35.86,174.9,54.83,0.557,36.05,33.34,64.54,5.39,Wheat,0,0,1,5.24,Medium,9.33,4.58,Low
26.51,111.77,60.59,0.301,44.04,37.96,32.1,5.69,Wheat,0,0,0,4.68,Low,10.92,3.94,Medium
25.78,101.67,69.03,0.516,79.89,28.63,59.94,5.71,Rice,1,0,0,6.03,Medium,13.94,5.16,Medium
16.51,75.59,68.53,0.357,58.63,48.8,61.39,7.03,Rice,0,0,0,4.73,Low,0.69,4.74,Low
22.53,119.56,66.73,0.53,36.84,47.76,52.72,6.67,Cotton,1,0,0,5.03,Medium,14.44,4.22,Medium
25.68,60.33,67.57,0.291,60.5,37.43,64.97,6.93,Rice,0,1,0,5.19,Low,1.26,5.27,Low
23.57,39.84,65.0,0.366,52.37,34.75,50.82,5.21,Rice,0,1,0,4.25,Medium,16.77,3.56,Medium
33.91,97.9,47.81,0.453,117.17,36.66,51.01,5.46,Rice,1,0,0,5.6,Medium,13.01,5.06,Medium
26.18,147.59,60.77,0.462,60.13,36.74,49.82,6.96,Wheat,1,0,0,5.14,Medium,21.4,3.98,Medium
33.44,33.82,80.8,0.381,48.15,37.06,17.73,4.55,Maize,0,0,0,4.13,Low,12.29,4.17,Medium
27.31,65.88,48.84,0.352,80.56,35.74,46.79,7.36,Wheat,0,0,0,4.89,Low,3.76,4.61,Low
27.19,95.71,65.35,0.35,21.86,41.03,37.98,5.22,Rice,0,0,0,5.0,Medium,5.92,4.54,Low
26.56,94.48,56.52,0.574,56.7,47.04,30.2,7.09,Rice,0,0,1,4.77,Low,4.98,4.34,Low
27.02,128.0,69.56,0.558,90.9,23.24,69.51,5.88,Cotton,1,0,0,5.83,Low,3.11,5.61,Low
35.59,248.16,62.56,0.522,52.91,25.39,55.56,7.23,Maize,0,0,0,5.54,Medium,26.3,3.77,High
15.4,15.01,88.68,0.375,23.8,17.02,47.55,8.5,Maize,0,0,0,3.3,Medium,17.96,2.76,Medium
16.99,254.43,75.09,0.531,47.87,48.4,39.53,4.91,Maize,0,1,0,5.71,High,34.73,3.39,High
24.28,241.96,49.63,0.472,81.18,41.0,52.44,6.99,Maize,0,0,0,5.28,Low,11.86,4.69,Medium
27.07,155.78,77.4,0.59,61.77,44.06,62.87,5.23,Rice,0,0,0,5.76,Low,7.28,5.1,Low
30.45,106.75,57.15,0.258,39.9,20.85,35.6,6.8,Wheat,0,1,1,4.27,Medium,13.87,3.61,Medium
29.37,61.13,59.92,0.466,42.67,59.42,47.93,6.36,Wheat,0,0,0,4.83,Low,12.43,4.34,Medium
25.08,154.69,72.39,0.46,44.93,30.69,61.02,6.59,Wheat,0,0,0,4.52,Medium,15.25,4.25,Medium
32.1,110.07,61.12,0.411,61.5,40.02,18.96,5.86,Cotton,0,0,0,4.94,Low,3.77,4.56,Low
32.15,76.63,80.5,0.433,79.09,48.25,47.14,7.05,Wheat,1,0,1,5.6,Medium,20.49,4.42,Medium
27.92,152.39,57.16,0.541,73.94,26.16,41.56,5.49,Maize,0,0,0,4.97,Medium,12.83,4.2,Medium
31.81,167.67,59.33,0.419,63.21,31.44,45.99,7.37,Cotton,0,0,1,4.94,Medium,12.18,4.18,Medium
28.36,200.45,58.81,0.612,31.03,40.15,40.48,6.21,Wheat,0,0,0,5.34,Low,0.0,5.21,Low
24.19,56.67,60.08,0.379,31.1,72.29,50.06,5.52,Cotton,0,0,0,4.99,Low,10.54,4.61,Medium
30.49,185.92,83.39,0.398,64.6,41.61,76.85,7.62,Maize,0,0,0,4.45,Medium,14.4,3.72,Medium
27.55,77.55,76.8,0.376,30.78,57.28,43.14,6.45,Cotton,0,0,0,5.61,Low,8.4,5.54,Low
27.01,106.93,91.94,0.566,50.94,52.47,52.38,7.84,Wheat,0,0,0,5.4,Low,10.39,4.91,Medium
34.36,119.62,98.0,0.611,60.47,42.42,77.92,7.35,Wheat,0,0,1,5.6,Medium,15.7,4.54,Medium
15.0,177.38,53.57,0.585,34.52,26.13,39.75,5.94,Wheat,1,0,0,4.77,Medium,12.52,4.1,Medium
19.91,143.47,68.99,0.353,36.56,50.72,75.22,6.44,Rice,0,0,0,4.23,Low,9.85,3.67,Low
21.06,75.81,51.53,0.44,53.31,20.02,48.08,6.58,Wheat,0,0,1,4.97,Low,10.56,4.59,Medium
25.18,16.89,57.11,0.405,64.07,57.21,74.73,7.57,Cotton,0,0,1,4.78,Low,7.08,4.15,Low
25.73,127.11,59.18,0.525,74.11,40.4,59.25,6.81,Maize,1,0,1,5.69,Medium,17.8,4.44,Medium
19.46,104.27,53.2,0.504,65.93,6.2,52.61,6.62,Rice,0,0,1,4.75,Low,7.68,4.28,Low
22.07,37.97,53.27,0.382,56.33,33.91,47.02,6.36,Wheat,1,1,0,4.75,Low,5.98,4.59,Low
22.7,111.84,65.98,0.427,41.57,45.85,38.64,6.46,Rice,0,0,1,4.5,Low,8.79,4.33,Low
39.29,94.96,50.97,0.353,35.72,35.16,49.14,7.41,Rice,0,0,0,4.88,Low,2.56,5.01,Low
36.01,199.33,79.79,0.349,45.8,46.58,61.46,6.5,Cotton,0,0,0,4.7,Medium,14.93,4.09,Medium
24.94,264.24,55.15,0.651,62.38,27.8,47.8,6.22,Wheat,0,0,0,6.75,Low,6.83,6.28,Low
25.18,165.28,98.0,0.517,61.06,22.33,43.25,6.1,Wheat,0,0,0,6.22,Low,7.89,5.87,Low
21.25,91.59,61.68,0.466,17.2,37.14,44.24,6.11,Maize,0,1,0,5.16,Low,0.0,4.96,Low
17.46,100.31,69.01,0.287,40.86,38.38,62.89,5.52,Rice,0,0,1,5.29,Medium,13.3,4.25,Medium
26.42,55.3,49.87,0.431,76.68,33.82,66.38,5.97,Rice,0,0,0,5.09,Low,14.44,4.44,Medium
22.01,62.63,91.89,0.581,56.43,52.73,37.99,7.55,Maize,0,1,0,5.47,Low,11.53,4.65,Medium
26.58,88.3,83.67,0.414,29.49,27.8,37.97,6.36,Maize,0,0,0,4.45,Medium,16.57,3.7,Medium
19.0,82.59,72.16,0.393,97.4,41.76,53.69,6.99,Cotton,0,0,0,4.67,Low,17.41,3.88,Medium
23.19,36.35,49.14,0.375,54.48,38.82,70.91,4.76,Maize,0,0,0,5.47,Low,9.62,4.99,Low
